{
    "Wisconsin": 25.7000060003,
    "Ohio": 30.05,
    "Missouri": 30.8,
    "Indiana": 33.15000500006,
    "Michigan": 36.35,
    "Nebraska": 37.15
}
