{"Indiana": -0.9500, "Michigan": -4.14998, "Missouri": 1.4000, "Nebraska": -4.9499, "Ohio": 2.150002, "Wisconsin": 6.5}